Repository,Age (days),Created Date,Accepted PRs,Releases,Days Since Update,Primary Language,Closed Issues Ratio
freeCodeCamp/freeCodeCamp,3893,2014-12-24,25726,0,0,TypeScript,0.99
codecrafters-io/build-your-own-x,2661,2018-05-09,142,0,0,Markdown,0.72
sindresorhus/awesome,4059,2014-07-11,679,0,0,Unknown,0.96
EbookFoundation/free-programming-books,4332,2013-10-11,6820,0,0,Python,0.97
public-apis/public-apis,3440,2016-03-20,1872,0,0,Python,0.99
kamranahmedse/developer-roadmap,3081,2017-03-15,3693,1,0,TypeScript,0.92
jwasham/coding-interview-university,3363,2016-06-06,415,0,0,Unknown,0.88
donnemartin/system-design-primer,3098,2017-02-26,200,0,0,Python,0.27
996icu/996.ICU,2340,2019-03-26,1067,0,0,Unknown,0
vinta/awesome-python,4073,2014-06-27,544,0,0,Python,0
awesome-selfhosted/awesome-selfhosted,3734,2015-06-01,2394,1,0,Unknown,1.0
practical-tutorials/project-based-learning,3053,2017-04-12,182,0,0,Unknown,0.38
facebook/react,4472,2013-05-24,12128,105,0,JavaScript,0.94
vuejs/vue,4406,2013-07-29,1133,249,0,TypeScript,0.96
TheAlgorithms/Python,3323,2016-07-16,2976,0,0,Python,0.95
torvalds/linux,5100,2011-09-04,10,0,0,C,0
trekhleb/javascript-algorithms,2707,2018-03-24,302,0,0,JavaScript,0.63
tensorflow/tensorflow,3575,2015-11-07,35997,219,0,C++,0.98
ossu/computer-science,4127,2014-05-04,298,0,0,HTML,0.98
trimstray/the-book-of-secret-knowledge,2616,2018-06-23,122,0,0,Unknown,0
getify/You-Dont-Know-JS,4296,2013-11-16,368,0,0,Unknown,0.91
CyC2018/CS-Notes,2746,2018-02-13,374,0,0,Unknown,0.78
ohmyzsh/ohmyzsh,5837,2009-08-28,3377,0,0,Shell,0.97
Significant-Gravitas/AutoGPT,889,2023-03-16,3197,68,0,Python,0.95
microsoft/vscode,3640,2015-09-03,36224,177,0,TypeScript,0.94
twbs/bootstrap,5137,2011-07-29,8972,93,0,MDX,0.98
flutter/flutter,3821,2015-03-06,43829,7,0,Dart,0.89
jackfrued/Python-100-Days,2730,2018-03-01,13,0,0,Jupyter Notebook,0.17
github/gitignore,5400,2010-11-08,1713,0,0,Unknown,0
jlevy/the-art-of-command-line,3746,2015-05-20,317,0,0,Unknown,0.53
AUTOMATIC1111/stable-diffusion-webui,1095,2022-08-22,1874,27,0,Python,0.7
Snailclimb/JavaGuide,2663,2018-05-07,1180,0,0,Java,0.93
ollama/ollama,787,2023-06-26,2470,143,0,Go,0.78
avelino/awesome-go,4064,2014-07-06,3458,0,0,Go,0.99
huggingface/transformers,2488,2018-10-29,16663,223,0,Python,0.94
airbnb/javascript,4676,2012-11-01,810,0,0,JavaScript,0.93
massgravel/Microsoft-Activation-Scripts,2048,2020-01-12,6,24,0,Batchfile,1.0
ytdl-org/youtube-dl,5408,2010-10-31,1642,341,0,Python,0.86
vercel/next.js,3242,2016-10-05,23650,1000,0,JavaScript,0.9
f/awesome-chatgpt-prompts,990,2022-12-05,171,0,0,JavaScript,0
n8n-io/n8n,2252,2019-06-22,10628,382,0,TypeScript,0.88
golang/go,4020,2014-08-19,1,0,0,Go,0.86
labuladong/fucking-algorithm,2010,2020-02-19,238,1,0,Markdown,1.0
yangshun/tech-interview-handbook,3334,2016-07-05,481,0,0,TypeScript,0.64
Genymobile/scrcpy,2830,2017-11-21,113,47,0,C,0.56
521xueweihan/HelloGitHub,3396,2016-05-04,16,57,0,Python,0.92
Chalarangelo/30-seconds-of-code,2822,2017-11-29,827,12,0,JavaScript,1.0
facebook/react-native,3877,2015-01-09,930,410,0,C++,0.98
yt-dlp/yt-dlp,1760,2020-10-26,2906,117,0,Python,0.84
microsoft/PowerToys,2304,2019-05-01,5652,117,0,C#,0.8
electron/electron,4514,2013-04-12,23264,1000,0,C++,0.96
kubernetes/kubernetes,4094,2014-06-06,62232,755,0,Go,0.96
krahets/hello-algo,1021,2022-11-04,945,9,0,Java,0.96
justjavac/free-programming-books-zh_CN,4308,2013-11-04,282,3,0,Unknown,0
langchain-ai/langchain,1039,2022-10-17,14490,947,0,Jupyter Notebook,0.98
nodejs/node,3921,2014-11-26,10758,455,0,JavaScript,0.91
langgenius/dify,862,2023-04-12,7046,140,0,TypeScript,0.94
d3/d3,5442,2010-09-27,493,194,0,Shell,1.0
ripienaar/free-for-dev,3809,2015-03-18,2759,0,0,HTML,0
mrdoob/three.js,5630,2010-03-23,14395,171,0,JavaScript,0.97
axios/axios,4021,2014-08-18,1001,97,0,JavaScript,0.94
open-webui/open-webui,685,2023-10-06,2508,120,0,JavaScript,0.97
rust-lang/rust,5545,2010-06-16,65628,140,0,Rust,0.82
excalidraw/excalidraw,2058,2020-01-02,3699,14,0,TypeScript,0.57
microsoft/TypeScript,4083,2014-06-17,14674,212,0,TypeScript,0.87
goldbergyoni/nodebestpractices,2897,2017-09-15,765,0,0,Dockerfile,0.87
denoland/deno,2655,2018-05-15,13338,342,0,Rust,0.83
langflow-ai/langflow,925,2023-02-08,4622,262,0,Python,0.84
facebook/create-react-app,3322,2016-07-17,1949,83,0,JavaScript,0.78
GrowingGit/GitHub-Chinese-Top-Charts,2177,2019-09-05,0,0,0,Java,0.47
godotengine/godot,4247,2014-01-04,38707,61,0,C++,0.79
microsoft/terminal,2932,2017-08-11,4187,136,0,C++,0.88
deepseek-ai/DeepSeek-V3,238,2024-12-26,21,1,0,Python,0.95
angular/angular,3990,2014-09-18,3890,471,0,TypeScript,0.95
fatedier/frp,3531,2015-12-21,683,106,0,Go,0.98
papers-we-love/papers-we-love,4267,2013-12-15,437,0,0,Shell,1.0
Hack-with-Github/Awesome-Hacking,3431,2016-03-30,34,0,0,Unknown,0
mui/material-ui,4021,2014-08-18,20803,547,0,TypeScript,0.92
iptv-org/iptv,2472,2018-11-14,6670,0,0,TypeScript,0.97
rustdesk/rustdesk,1788,2020-09-28,3637,31,0,Rust,0.98
tauri-apps/tauri,2231,2019-07-13,5166,1000,0,Rust,0.8
ant-design/ant-design,3772,2015-04-24,15769,714,0,TypeScript,0.96
microsoft/generative-ai-for-beginners,794,2023-06-19,388,0,0,Jupyter Notebook,0.94
nvbn/thefuck,3788,2015-04-08,481,17,0,Python,0.62
ryanmcdermott/clean-code-javascript,3191,2016-11-25,149,0,0,JavaScript,0.69
shadcn-ui/ui,960,2023-01-04,636,52,0,TypeScript,0.71
Anduin2017/HowToCook,2000,2020-02-29,586,4,0,Dockerfile,0.44
pytorch/pytorch,3295,2016-08-13,6193,61,0,Python,0.71
iluwatar/java-design-patterns,4030,2014-08-09,1507,0,0,Java,0.87
neovim/neovim,4220,2014-01-31,16137,45,0,Vim Script,0.87
puppeteer/puppeteer,3026,2017-05-09,5422,560,0,TypeScript,0.96
microsoft/Web-Dev-For-Beginners,1745,2020-11-10,517,0,0,JavaScript,0.73
deepseek-ai/DeepSeek-R1,213,2025-01-20,9,1,0,Unknown,0.94
PanJiaChen/vue-element-admin,3048,2017-04-17,311,49,0,Vue,0.65
tailwindlabs/tailwindcss,2876,2017-10-06,3070,290,0,TypeScript,0.98
fastapi/fastapi,2448,2018-12-08,2738,208,0,Python,0.99
mtdvio/every-programmer-should-know,2919,2017-08-24,99,0,0,Unknown,0.44
storybookjs/storybook,3443,2016-03-18,11483,1000,0,TypeScript,0.85
supabase/supabase,2140,2019-10-12,12937,22,0,TypeScript,0.95
jaywcjlove/awesome-mac,3322,2016-07-17,991,12,0,JavaScript,0.76
openai/whisper,1070,2022-09-16,119,13,0,Python,0
nvm-sh/nvm,5607,2010-04-15,729,70,0,Shell,0.86
comfyanonymous/ComfyUI,947,2023-01-17,1196,73,0,Python,0.59
ChatGPTNextWeb/NextChat,895,2023-03-10,889,77,0,TypeScript,0.81
2dust/v2rayN,2214,2019-07-30,273,264,0,C#,1.0
ggml-org/llama.cpp,895,2023-03-10,5514,1000,0,C++,0.94
bitcoin/bitcoin,5359,2010-12-19,15512,56,0,C++,0.95
florinpop17/app-ideas,2369,2019-02-25,149,0,0,Unknown,0.26
django/django,4863,2012-04-28,9859,0,0,Python,0
sveltejs/svelte,3196,2016-11-20,5988,510,0,JavaScript,0.9
gin-gonic/gin,4083,2014-06-16,1114,27,0,Go,0.72
opencv/opencv,4781,2012-07-19,13085,66,0,C++,0.77
gohugoio/hugo,4431,2013-07-04,2957,337,0,Go,0.94
mermaid-js/mermaid,3945,2014-11-01,2438,162,0,TypeScript,0.62
gothinkster/realworld,3464,2016-02-26,433,0,0,TypeScript,0.93
animate-css/animate.css,5062,2011-10-12,315,22,0,CSS,0.96
laravel/laravel,5188,2011-06-08,1641,198,0,Blade,0
macrozheng/mall,2696,2018-04-04,1,3,0,Java,0.98
DigitalPlatDev/FreeDomain,448,2024-05-30,0,0,0,HTML,0
home-assistant/core,4356,2013-09-17,75781,1000,0,Python,0.96
tonsky/FiraCode,3936,2014-11-11,137,29,0,Clojure,0.7
oven-sh/bun,1590,2021-04-14,5969,196,0,Zig,0.63
3b1b/manim,3805,2015-03-22,642,13,0,Python,0.63
spring-projects/spring-boot,4689,2012-10-19,42,320,0,Java,0.99
doocs/advanced-java,2511,2018-10-06,88,1,0,Java,0.99
x1xhlol/system-prompts-and-models-of-ai-tools,169,2025-03-05,23,0,0,Unknown,0.53
bregman-arie/devops-exercises,2149,2019-10-03,302,0,0,Python,0.65
tensorflow/models,3485,2016-02-05,2341,50,0,Python,0.85
MunGell/awesome-for-beginners,3589,2015-10-24,453,0,0,Unknown,0.94
microsoft/ML-For-Beginners,1632,2021-03-03,374,0,0,HTML,0.96
DopplerHQ/awesome-interview-questions,3554,2015-11-28,175,0,0,Unknown,0.56
nomic-ai/gpt4all,878,2023-03-27,934,38,0,C++,0.68
MisterBooo/LeetCodeAnimation,2450,2018-12-06,63,0,0,Java,0.68
microsoft/playwright,2106,2019-11-15,15066,151,0,TypeScript,0.95
netdata/netdata,4448,2013-06-17,10930,120,0,C,0.98
FortAwesome/Font-Awesome,4934,2012-02-17,212,60,0,JavaScript,0.81
fighting41love/funNLP,2557,2018-08-21,14,0,0,Python,0.58
ByteByteGoHq/system-design-101,703,2023-09-18,23,0,0,Unknown,0.31
syncthing/syncthing,4286,2013-11-26,2755,439,0,Go,0.94
anuraghazra/github-readme-stats,1869,2020-07-09,1303,0,0,JavaScript,0.85
vitejs/vite,1948,2020-04-21,5586,598,0,TypeScript,0.94
typicode/json-server,4285,2013-11-27,121,38,0,JavaScript,0.47
unionlabs/union,828,2023-05-16,2758,95,0,Rust,0.87
ruanyf/weekly,2504,2018-10-13,101,0,0,Unknown,0.15
immich-app/immich,1295,2022-02-03,7151,260,0,TypeScript,0.91
elastic/elasticsearch,5673,2010-02-08,80542,202,0,Java,0.89
hoppscotch/hoppscotch,2192,2019-08-21,1869,83,0,TypeScript,0.76
louislam/uptime-kuma,1510,2021-07-03,1317,111,0,JavaScript,0.83
coder/code-server,2367,2019-02-27,1576,200,0,TypeScript,0.96
vuejs/awesome-vue,3593,2015-10-20,3574,0,0,Unknown,0.83
junegunn/fzf,4320,2013-10-23,595,70,0,Go,0.92
sdmg15/Best-websites-a-programmer-should-visit,3091,2017-03-05,431,0,0,Unknown,0.59
hacksider/Deep-Live-Cam,697,2023-09-24,85,8,0,Python,0.93
nestjs/nest,3120,2017-02-04,7407,131,0,TypeScript,0.99
microsoft/markitdown,281,2024-11-13,147,14,0,Python,0.21
d2l-ai/d2l-zh,2920,2017-08-23,1019,16,0,Python,0
CompVis/stable-diffusion,1107,2022-08-10,5,0,0,Jupyter Notebook,0.27
clash-verge-rev/clash-verge-rev,639,2023-11-21,320,50,0,TypeScript,0.97
google-gemini/gemini-cli,126,2025-04-17,1908,46,0,TypeScript,0.57
abi/screenshot-to-code,646,2023-11-14,49,0,0,Python,0.73
thedaviddias/Front-End-Checklist,2866,2017-10-16,179,1,0,Unknown,0.99
redis/redis,5997,2009-03-21,4162,96,0,C,0.68
moby/moby,4598,2013-01-18,21482,237,0,Go,0.86
pallets/flask,5616,2010-04-06,1613,37,0,Python,1.0
ventoy/Ventoy,1990,2020-03-10,280,105,0,C,0.66
Developer-Y/cs-video-courses,3226,2016-10-21,234,0,0,Unknown,0
grafana/grafana,4271,2013-12-11,56758,550,0,TypeScript,0.92
enaqx/awesome-react,4033,2014-08-06,780,0,0,Unknown,0.96
hakimel/reveal.js,5189,2011-06-07,409,49,0,JavaScript,0.69
josephmisiti/awesome-machine-learning,4055,2014-07-15,872,0,0,Python,1.0
swisskyrepo/PayloadsAllTheThings,3229,2016-10-18,548,5,0,Python,0
strapi/strapi,3613,2015-09-30,9123,478,0,TypeScript,0.91
binary-husky/gpt_academic,885,2023-03-20,223,32,0,Python,0.85
tesseract-ocr/tesseract,4027,2014-08-12,1411,34,0,C++,0.84
swiftlang/swift,3590,2015-10-23,55442,60,0,C++,0.56
protocolbuffers/protobuf,4013,2014-08-26,7781,195,0,C++,0.96
python/cpython,3114,2017-02-10,52796,0,0,Python,0.9
base/node,932,2023-02-01,186,54,0,Go,0.79
browser-use/browser-use,294,2024-10-31,986,74,0,Python,0.52
sherlock-project/sherlock,2432,2018-12-24,642,1,0,Python,0.9
ocornut/imgui,4049,2014-07-21,405,114,0,C++,0.85
apache/superset,3684,2015-07-21,14838,232,0,TypeScript,0.96
expressjs/express,5900,2009-06-26,460,160,0,JavaScript,0.97
openai/openai-cookbook,1259,2022-03-11,863,0,0,Jupyter Notebook,0.93
Alvin9999/new-pac,3438,2016-03-23,0,0,0,Python,0.75
punkpeye/awesome-mcp-servers,264,2024-11-30,920,0,0,Unknown,0.73
rasbt/LLMs-from-scratch,760,2023-07-23,388,0,0,Jupyter Notebook,0.98
PKUFlyingPig/cs-self-learning,1401,2021-10-20,297,5,0,HTML,0.5
chartjs/Chart.js,4539,2013-03-17,3002,116,0,JavaScript,0.94
obsproject/obs-studio,4342,2013-10-01,5225,223,0,C,0.85
caddyserver/caddy,3873,2015-01-13,2123,128,0,Go,0.96
localsend/localsend,979,2022-12-16,667,24,0,Dart,0.45
ansible/ansible,4916,2012-03-06,39192,162,0,Python,0.98
fffaraz/awesome-cpp,4053,2014-07-17,800,0,0,Unknown,0.41
Eugeny/tabby,3163,2016-12-23,1489,200,0,TypeScript,0.6
leonardomso/33-js-concepts,2543,2018-09-04,252,0,0,JavaScript,0.79
webpack/webpack,4912,2012-03-10,5108,438,0,JavaScript,0.99
astral-sh/uv,689,2023-10-02,7201,209,0,Rust,0.74
nektos/act,2423,2019-01-02,1049,88,0,Go,0.83
modelcontextprotocol/servers,275,2024-11-19,868,19,0,TypeScript,0.72
danielmiessler/SecLists,4932,2012-02-19,681,28,0,PHP,0.98
AppFlowy-IO/AppFlowy,1527,2021-06-16,3886,111,0,Dart,0.73
xtekky/gpt4free,876,2023-03-29,817,331,0,Python,1.0
lydiahallie/javascript-questions,2262,2019-06-12,328,0,0,Unknown,0.93
lobehub/lobe-chat,823,2023-05-21,2509,1000,0,TypeScript,0.79
binhnguyennus/awesome-scalability,2794,2017-12-27,36,0,0,Unknown,0
Stirling-Tools/Stirling-PDF,937,2023-01-27,2217,135,0,Java,0.77
apache/echarts,4523,2013-04-03,1446,122,0,TypeScript,0.9
kdn251/interviews,3110,2017-02-14,42,0,0,Java,0.43
zed-industries/zed,1643,2021-02-20,16359,967,0,Rust,0.81
awesomedata/awesome-public-datasets,3927,2014-11-20,188,1,0,Unknown,0.41
jesseduffield/lazygit,2651,2018-05-19,1690,169,0,Go,0.7
kelseyhightower/nocode,2752,2018-02-06,1,1,0,Dockerfile,0.15
twitter/the-algorithm,878,2023-03-27,2,0,0,Scala,0.72
keras-team/keras,3799,2015-03-28,4241,80,0,Python,0.98
juliangarnier/anime,3448,2016-03-13,79,22,0,JavaScript,0.91
scikit-learn/scikit-learn,5483,2010-08-17,13458,47,0,Python,0.86
infiniflow/ragflow,618,2023-12-12,3734,31,0,TypeScript,0.46
bradtraversy/design-resources-for-developers,1933,2020-05-06,949,0,0,Unknown,1.0
TheAlgorithms/Java,3323,2016-07-16,2018,0,0,Java,0.99
labmlai/annotated_deep_learning_paper_implementations,1822,2020-08-25,101,0,0,Python,0.82
resume/resume.github.com,5310,2011-02-06,84,0,0,JavaScript,0.54
chrislgarry/Apollo-11,4158,2014-04-03,343,0,0,Assembly,0.85
All-Hands-AI/OpenHands,526,2024-03-13,5120,76,0,Python,0.9
prakhar1989/awesome-courses,3932,2014-11-15,194,0,0,Unknown,0.49
socketio/socket.io,5642,2010-03-11,435,75,0,TypeScript,0.95
sindresorhus/awesome-nodejs,4059,2014-07-11,418,0,0,Unknown,0.98
FuelLabs/sway,1675,2021-01-19,3498,178,0,Rust,0.74
facebook/docusaurus,2984,2017-06-20,5482,151,0,TypeScript,0.91
reduxjs/redux,3736,2015-05-29,1720,78,0,TypeScript,0.98
Shubhamsaboo/awesome-llm-apps,479,2024-04-29,132,0,0,Python,0.94
dair-ai/Prompt-Engineering-Guide,979,2022-12-16,338,0,0,MDX,0.32
lodash/lodash,4884,2012-04-07,581,2,0,JavaScript,0.98
atom/atom,4962,2012-01-20,3933,538,0,JavaScript,0.94
h5bp/Front-end-Developer-Interview-Questions,4942,2012-02-09,484,0,0,Nunjucks,0.81
xingshaocheng/architect-awesome,2694,2018-04-06,49,0,0,Unknown,0.31
openinterpreter/open-interpreter,769,2023-07-14,369,48,0,Python,0.78
localstack/localstack,3222,2016-10-25,6233,94,0,Python,0.96
alacritty/alacritty,3472,2016-02-18,1888,101,0,Rust,0.95
prometheus/prometheus,4653,2012-11-24,7633,341,0,Go,0.92
adam-p/markdown-here,4848,2012-05-13,27,17,0,JavaScript,0.52
mlabonne/llm-course,796,2023-06-17,1,0,0,Unknown,0.36
rust-lang/rustlings,3628,2015-09-15,915,46,0,Rust,0.94
NationalSecurityAgency/ghidra,2365,2019-03-01,521,45,0,Java,0.73
jquery/jquery,5984,2009-04-03,812,11,0,JavaScript,0.97
ryanoasis/nerd-fonts,3912,2014-12-05,550,38,0,CSS,0.97
shadowsocks/shadowsocks-windows,4602,2013-01-14,290,55,0,C#,0.94
tldr-pages/tldr,4274,2013-12-08,14700,6,0,Markdown,0.88
angular/angular.js,5706,2010-01-06,789,0,0,JavaScript,0.96
spring-projects/spring-framework,5370,2010-12-08,871,341,0,Java,0.99
meta-llama/llama,919,2023-02-14,53,0,0,Python,0.59
scrapy/scrapy,5659,2010-02-22,2392,43,0,Python,0.85
FoundationAgents/MetaGPT,783,2023-06-30,660,22,0,Python,0.99
nuxt/nuxt,3221,2016-10-26,6902,256,0,TypeScript,0.95
youngyangyang04/leetcode-master,2077,2019-12-14,2306,0,0,Shell,0.24
gorhill/uBlock,3795,2015-04-01,252,277,0,JavaScript,1.0
FuelLabs/fuel-core,1820,2020-08-27,1553,123,0,Rust,0.87
rails/rails,6341,2008-04-11,25153,149,0,Ruby,0.97
h5bp/html5-boilerplate,5688,2010-01-24,790,34,0,JavaScript,0.99
Solido/awesome-flutter,3028,2017-05-07,444,0,0,Dart,0
hiyouga/LLaMA-Factory,816,2023-05-28,691,34,0,Python,0.92
nocodb/nocodb,2853,2017-10-29,5290,174,0,TypeScript,0.85
zylon-ai/private-gpt,842,2023-05-02,224,10,0,Python,0.79
scutan90/DeepLearning-500-questions,2612,2018-06-27,302,0,0,JavaScript,0.42
jgraph/drawio-desktop,3010,2017-05-25,20,159,0,JavaScript,0.96
soimort/you-get,4749,2012-08-20,582,123,0,Python,0
FiloSottile/mkcert,2614,2018-06-25,52,14,0,Go,0.69
traefik/traefik,3630,2015-09-13,4702,481,0,Go,0.9
git/git,6238,2008-07-23,3,0,0,C,0
PlexPt/awesome-chatgpt-prompts-zh,983,2022-12-12,33,0,0,Unknown,0.6
vllm-project/vllm,924,2023-02-09,8707,73,0,Python,0.82
gatsbyjs/gatsby,3745,2015-05-21,18184,149,0,JavaScript,0.98
commaai/openpilot,3192,2016-11-24,11777,58,0,Python,0.96
azl397985856/leetcode,2701,2018-03-30,257,40,0,JavaScript,0.96
topjohnwu/Magisk,3269,2016-09-08,1617,151,0,Kotlin,0.99
remix-run/react-router,4115,2014-05-16,3191,310,0,TypeScript,0.99
ageitgey/face_recognition,3093,2017-03-03,94,2,0,Python,0.43
ultralytics/yolov5,1921,2020-05-18,2206,10,0,Python,0.97
CorentinJ/Real-Time-Voice-Cloning,2279,2019-05-26,48,0,0,Python,0.81
AntonOsika/gpt-engineer,845,2023-04-29,350,20,0,Python,0.94
minio/minio,3872,2015-01-14,9854,519,0,Go,1.0
BurntSushi/ripgrep,3450,2016-03-11,516,72,0,Rust,0.92
toeverything/AFFiNE,1117,2022-07-31,8710,572,0,TypeScript,0.91
deepfakes/faceswap,2802,2017-12-19,357,4,0,Python,0.96
pmndrs/zustand,2326,2019-04-09,808,98,0,TypeScript,1.0
ElemeFE/element,3274,2016-09-03,3231,145,0,Vue,0.85
sharkdp/bat,2679,2018-04-21,1465,41,0,Rust,0.78
lencx/ChatGPT,988,2022-12-07,123,34,0,Rust,0.3
golang-standards/project-layout,2903,2017-09-09,90,0,0,Makefile,0.39
wasabeef/awesome-android-ui,3893,2014-12-24,90,0,0,Unknown,0.82
Textualize/rich,2111,2019-11-10,836,170,0,Python,0.86
necolas/normalize.css,5223,2011-05-04,56,0,0,CSS,0.89
Z4nzu/hackingtool,1958,2020-04-11,56,0,0,Python,0.86
psf/requests,5303,2011-02-13,1591,14,0,Python,0.95
maybe-finance/maybe,598,2024-01-01,1073,28,0,Ruby,0
pi-hole/pi-hole,4092,2014-06-08,2106,118,0,Shell,0.99
withastro/astro,1620,2021-03-15,7323,1000,0,TypeScript,0.97
PaddlePaddle/PaddleOCR,1931,2020-05-08,2959,24,0,Python,0.99
meilisearch/meilisearch,2677,2018-04-23,2148,266,0,Rust,0.91
FFmpeg/FFmpeg,5243,2011-04-14,16,0,0,C,0
appwrite/appwrite,2327,2019-04-08,3842,112,0,TypeScript,0.85
rclone/rclone,4176,2014-03-16,2117,114,0,Go,0.83
rust-unofficial/awesome-rust,4053,2014-07-17,1568,0,0,Rust,0.93
tiimgreen/github-cheat-sheet,4149,2014-04-12,129,0,0,Unknown,0.68
ionic-team/ionic-framework,4384,2013-08-20,6303,914,0,TypeScript,0.97
google/material-design-icons,3970,2014-10-08,50,16,0,Unknown,0.76
wagoodman/dive,2657,2018-05-13,164,28,0,Go,0.56
mozilla/pdf.js,5231,2011-04-26,8090,76,0,JavaScript,0.96
facebookresearch/segment-anything,882,2023-03-23,15,0,0,Jupyter Notebook,0.25
vuejs/core,2627,2018-06-12,3234,246,0,TypeScript,0.88
unclecode/crawl4ai,469,2024-05-09,89,8,0,Python,0.81
sickcodes/Docker-OSX,1904,2020-06-04,107,0,0,Shell,0.42
Semantic-Org/Semantic-UI,4518,2013-04-08,355,154,0,JavaScript,0.84
JetBrains/kotlin,4938,2012-02-13,2064,266,0,Kotlin,0
ngosang/trackerslist,3406,2016-04-24,1,0,0,Unknown,0.99
google/guava,4102,2014-05-29,1013,56,0,Java,0.83
marktext/marktext,2839,2017-11-12,939,36,0,JavaScript,0.56
laurent22/joplin,3139,2017-01-16,4403,385,0,TypeScript,0.92
OpenBB-finance/OpenBB,1705,2020-12-20,4114,46,0,Python,0.98
prettier/prettier,3187,2016-11-29,8872,127,0,JavaScript,0.82
starship/starship,2333,2019-04-02,2900,135,0,Rust,0.71
romkatv/powerlevel10k,2370,2019-02-24,167,33,0,Shell,0.96
firecrawl/firecrawl,493,2024-04-15,812,23,0,TypeScript,0.78
jekyll/jekyll,6149,2008-10-20,3188,112,0,Ruby,0.98
xai-org/grok-1,522,2024-03-17,5,0,0,Python,0
TryGhost/Ghost,4492,2013-05-04,14275,902,0,JavaScript,0.99
go-gitea/gitea,3215,2016-11-01,17775,216,0,Go,0.83
DefinitelyTyped/DefinitelyTyped,4703,2012-10-05,52111,1,0,TypeScript,0.93
RVC-Boss/GPT-SoVITS,585,2024-01-14,338,4,0,Python,0.62
WerWolv/ImHex,1745,2020-11-10,671,80,0,C++,0.83
etcd-io/etcd,4429,2013-07-06,9790,259,0,Go,0.97
pocketbase/pocketbase,1143,2022-07-05,53,220,0,Go,0.99
firstcontributions/first-contributions,3257,2016-09-20,86099,0,0,Unknown,0.97
chinese-poetry/chinese-poetry,3275,2016-09-02,137,1,0,JavaScript,0.44
jgthms/bulma,3498,2016-01-23,642,22,0,CSS,0.88
vsouza/awesome-ios,4060,2014-07-10,2233,0,0,Swift,1.0
ethereum/go-ethereum,4256,2013-12-26,8248,219,0,Go,0.98
cline/cline,411,2024-07-06,1656,146,0,TypeScript,0.78
poteto/hiring-without-whiteboards,3081,2017-03-15,1300,0,0,JavaScript,0
FoundationAgents/OpenManus,168,2025-03-06,106,3,0,Python,0.44
microsoft/autogen,734,2023-08-18,2499,97,0,Python,0.86
agalwood/Motrix,2438,2018-12-18,192,21,0,JavaScript,0.44
mastodon/mastodon,3468,2016-02-22,17707,289,0,Ruby,0.67
cypress-io/cypress,3823,2015-03-04,7366,373,0,TypeScript,0.91
justjavac/awesome-wechat-weapp,3255,2016-09-22,277,0,0,Unknown,0
Asabeneh/30-Days-Of-Python,2102,2019-11-19,61,0,0,Python,0.59
NARKOZ/hacker-scripts,3561,2015-11-21,63,0,0,JavaScript,0.6
AlistGo/alist,1702,2020-12-23,860,137,0,Go,0.87
ReactiveX/RxJava,4608,2013-01-08,3328,241,0,Java,1.0
PowerShell/PowerShell,3508,2016-01-13,7549,186,0,C#,0.92
dani-garcia/vaultwarden,2742,2018-02-17,993,73,0,Rust,1.0
Mintplex-Labs/anything-llm,809,2023-06-04,1072,20,0,JavaScript,0.91
iamkun/dayjs,2690,2018-04-10,694,119,0,JavaScript,0.48
moment/moment,5287,2011-03-01,714,0,0,JavaScript,0.94
Avik-Jain/100-Days-Of-ML-Code,2604,2018-07-05,6,0,0,Unknown,0
charlax/professional-programming,3575,2015-11-07,39,0,0,Python,1.0
algorithm-visualizer/algorithm-visualizer,3385,2016-05-15,183,0,0,JavaScript,0.64
JuliaLang/julia,5236,2011-04-21,25817,181,0,Julia,0.84
TapXWorld/ChinaTextbook,2055,2020-01-05,1,0,0,Roff,0.47
minimaxir/big-list-of-naughty-strings,3666,2015-08-08,90,0,0,Python,0.32
huginn/huginn,4547,2013-03-10,1043,1,0,Ruby,0.72
nlohmann/json,4431,2013-07-04,900,45,0,C++,0.98
LadybirdBrowser/ladybird,448,2024-05-30,4234,0,0,C++,0.56
serverless/serverless,3775,2015-04-21,4717,454,0,JavaScript,0.83
gogs/gogs,4208,2014-02-12,1766,84,0,Go,0.82
karan/Projects,4431,2013-07-04,19,0,0,Unknown,0.42
kamranahmedse/design-patterns-for-humans,3108,2017-02-16,50,0,0,Unknown,0.9
x64dbg/x64dbg,3785,2015-04-11,744,4,0,C++,0.77
square/okhttp,4777,2012-07-23,3764,0,0,Kotlin,0.99
typescript-cheatsheets/react,2637,2018-06-02,370,0,0,JavaScript,0.99
pandas-dev/pandas,5476,2010-08-24,26920,112,0,Python,0.87
TanStack/query,2172,2019-09-10,2894,1000,0,TypeScript,0.97
type-challenges/type-challenges,1855,2020-07-23,588,0,0,TypeScript,0.11
v2ray/v2ray-core,3639,2015-09-04,203,247,0,Go,1.0
hashicorp/terraform,4179,2014-03-13,12787,378,0,Go,0.92
dkhamsing/open-source-ios-apps,3860,2015-01-26,1409,37,0,Unknown,1.0
ziishaned/learn-regex,2952,2017-07-22,131,0,0,Unknown,0.4
lllyasviel/Fooocus,743,2023-08-09,447,21,0,Python,0.87
slab/quill,4770,2012-07-30,381,95,0,TypeScript,0.87
lyswhut/lx-music-desktop,2199,2019-08-14,86,110,0,TypeScript,0.56
bigskysoftware/htmx,1956,2020-04-13,956,26,0,JavaScript,0.64
jesseduffield/lazydocker,2287,2019-05-18,186,42,0,Go,0.53
pixijs/pixijs,4595,2013-01-21,3677,293,0,TypeScript,0.96
kelseyhightower/kubernetes-the-hard-way,3332,2016-07-07,73,0,0,Unknown,0.97
jakevdp/PythonDataScienceHandbook,3298,2016-08-10,28,0,0,Jupyter Notebook,0.38
brillout/awesome-react-components,3345,2016-06-24,324,0,0,Unknown,0.85
android/architecture-samples,3485,2016-02-05,232,0,0,Kotlin,0.72
skylot/jadx,4539,2013-03-18,577,31,0,Java,0.8
odoo/odoo,4118,2014-05-13,6181,0,0,Python,0.82
typst/typst,2158,2019-09-24,1820,22,0,Rust,0.74
jestjs/jest,4272,2013-12-10,5701,208,0,TypeScript,0.97
Asabeneh/30-Days-Of-JavaScript,2068,2019-12-23,98,0,0,JavaScript,0.34
ColorlibHQ/AdminLTE,4257,2013-12-25,1545,77,0,CSS,0.95
serhii-londar/open-source-mac-os-apps,2848,2017-11-03,525,0,0,Unknown,0.76
dbeaver/dbeaver,3592,2015-10-21,6106,230,0,Java,0.84
discourse/discourse,4604,2013-01-12,30058,0,0,Ruby,0
akullpp/awesome-java,4061,2014-07-09,715,0,0,Unknown,1.0
oobabooga/text-generation-webui,974,2022-12-21,1183,80,0,Python,0.36
meteor/meteor,4963,2012-01-19,2534,0,0,JavaScript,0.97
dypsilon/frontend-dev-bookmarks,4443,2013-06-22,129,1,0,Unknown,0.77
ultralytics/ultralytics,1075,2022-09-11,3510,257,0,Python,0.98
Homebrew/brew,3455,2016-03-06,12993,441,0,Ruby,1.0
google/zx,1569,2021-05-05,552,96,0,JavaScript,0.97
unslothai/unsloth,631,2023-11-29,481,16,0,Python,0.71
coollabsio/coolify,1669,2021-01-25,1646,619,0,PHP,0.8
termux/termux-app,3590,2015-10-23,162,95,0,Java,0.86
vercel/hyper,3338,2016-07-01,3291,88,0,TypeScript,0.75
isocpp/CppCoreGuidelines,3655,2015-08-19,812,4,0,CSS,0.8
2dust/v2rayNG,2290,2019-05-15,498,256,0,Kotlin,1.0
parcel-bundler/parcel,2936,2017-08-07,2591,48,0,JavaScript,0.91
run-llama/llama_index,1023,2022-11-02,7012,404,0,Python,0.97
DovAmir/awesome-design-patterns,2635,2018-06-04,30,0,0,Unknown,0.33
usememos/memos,1352,2021-12-08,1796,80,0,Go,0.99
astaxie/build-web-application-with-golang,4767,2012-08-02,757,0,0,Go,0.6
karpathy/nanoGPT,967,2022-12-28,45,0,0,Python,0.32
acmesh-official/acme.sh,3526,2015-12-26,1422,44,0,Shell,0.68
react-hook-form/react-hook-form,2361,2019-03-05,2071,585,0,TypeScript,0.98
babel/babel,3980,2014-09-28,6282,442,0,TypeScript,0.93
aymericdamien/TensorFlow-Examples,3571,2015-11-11,88,0,0,Jupyter Notebook,0.3
square/retrofit,5463,2010-09-06,1185,4,0,HTML,0.95
microsoft/monaco-editor,3362,2016-06-07,467,91,0,JavaScript,0.82
jeecgboot/JeecgBoot,2460,2018-11-26,122,61,0,Java,1.0
FuelLabs/fuels-rs,1390,2021-10-31,899,117,0,Rust,0.93
FuelLabs/fuels-ts,1448,2021-09-03,1969,154,1,TypeScript,0.96
LeCoupa/awesome-cheatsheets,2842,2017-11-09,169,0,0,JavaScript,0.61
prisma/prisma,2254,2019-06-20,6348,223,0,TypeScript,0.8
grpc/grpc,3909,2014-12-08,20029,355,0,C++,0.94
yangshun/front-end-interview-handbook,2777,2018-01-13,346,0,0,MDX,0.9
Leaflet/Leaflet,5447,2010-09-22,3115,33,0,JavaScript,0.93
streamich/react-use,2490,2018-10-27,1532,256,0,TypeScript,0.41
metabase/metabase,3853,2015-02-02,34066,676,0,Clojure,0.84
RocketChat/Rocket.Chat,3747,2015-05-19,14476,1000,0,TypeScript,0.84
pyenv/pyenv,4738,2012-08-31,974,132,0,Roff,0.97
GitSquared/edex-ui,3127,2017-01-28,399,29,0,JavaScript,0.99
FlowiseAI/Flowise,874,2023-03-31,1329,73,0,TypeScript,0.72
jellyfin/jellyfin,2447,2018-12-09,4816,91,0,C#,0.95
sudheerj/reactjs-interview-questions,2639,2018-05-31,162,0,0,JavaScript,0.97
expo/expo,3293,2016-08-15,17920,0,0,TypeScript,0.97
ggml-org/whisper.cpp,1061,2022-09-25,863,27,0,C++,0.48
coreybutler/nvm-windows,3988,2014-09-20,107,23,0,Go,0.91
Unitech/pm2,4475,2013-05-21,551,128,0,JavaScript,0.8
ClickHouse/ClickHouse,3367,2016-06-02,50414,672,0,C++,0.82
k88hudson/git-flight-rules,4048,2014-07-22,225,0,0,Unknown,0.75
opendatalab/MinerU,539,2024-02-29,1025,121,0,Python,0.92
GokuMohandas/Made-With-ML,2481,2018-11-05,147,0,0,Jupyter Notebook,0.78
alex/what-happens-when,4305,2013-11-07,108,0,0,Unknown,0.18
coqui-ai/TTS,1919,2020-05-20,465,98,0,Python,1.0
Alamofire/Alamofire,4039,2014-07-31,650,102,0,Swift,0.98
faif/python-patterns,4824,2012-06-06,273,0,0,Python,0.89
Light-City/CPlusPlusThings,2230,2019-07-14,72,0,0,C++,0.96
astral-sh/ruff,1108,2022-08-09,11176,376,0,Rust,0.79
getsentry/sentry,5470,2010-08-30,72741,154,0,Python,0.86
apache/spark,4195,2014-02-25,8,0,0,Scala,0
apache/airflow,3783,2015-04-13,29326,103,0,Python,0.9
iina/iina,3167,2016-12-19,851,45,0,Swift,0.58
Stability-AI/stablediffusion,1001,2022-11-23,17,0,0,Python,0.23
Kong/kong,3930,2014-11-17,6478,145,0,Lua,0.99
NaiboWang/EasySpider,1860,2020-07-18,40,10,0,JavaScript,0.68
yarnpkg/yarn,3502,2016-01-19,1654,152,0,JavaScript,0.72
freqtrade/freqtrade,3018,2017-05-17,5895,100,0,Python,0.99
spf13/cobra,4370,2013-09-03,614,24,0,Go,0.81
tldraw/tldraw,1565,2021-05-09,3556,80,0,TypeScript,0.87
mingrammer/diagrams,2027,2020-02-02,328,44,0,Python,0.42
nolimits4web/swiper,4908,2012-03-14,604,87,0,JavaScript,0.96
apachecn/ailearning,3099,2017-02-25,478,2,0,Python,0.97
apache/dubbo,4811,2012-06-19,5786,111,0,Java,0.89
bevyengine/bevy,2042,2020-01-18,6189,43,0,Rust,0.67
bailicangdu/vue2-elm,3163,2016-12-23,21,0,0,Vue,0.81
tw93/Pake,1042,2022-10-14,100,31,0,Rust,0.88
zai-org/ChatGLM-6B,892,2023-03-13,48,0,0,Python,0.57
hpcaitech/ColossalAI,1393,2021-10-28,3699,50,0,Python,0.75
dcloudio/uni-app,2597,2018-07-12,458,0,0,JavaScript,0.86
AykutSarac/jsoncrack.com,1299,2022-01-30,85,22,0,TypeScript,0.88
nwjs/nw.js,4978,2012-01-04,575,0,0,JavaScript,0.88
KRTirtho/spotube,1649,2021-02-14,246,40,0,Dart,0.58
streamlit/streamlit,2189,2019-08-24,5660,105,0,Python,0.79
docker/awesome-compose,2016,2020-02-13,149,0,0,HTML,0.31
styled-components/styled-components,3292,2016-08-16,966,176,0,TypeScript,0.9
psf/black,2717,2018-03-14,1585,46,0,Python,0.88
vuetifyjs/vuetify,3265,2016-09-12,4387,605,0,TypeScript,0.97
hexojs/hexo,4715,2012-09-23,945,114,0,TypeScript,0.98
ziglang/zig,3668,2015-08-06,9176,20,0,Zig,0.74
1c7/chinese-independent-developer,2891,2017-09-21,314,0,0,Unknown,0.99
zhongyang219/TrafficMonitor,2944,2017-07-30,63,26,0,C++,0.38
fastlane/fastlane,3915,2014-12-02,6234,552,0,Ruby,0.95
cli/cli,2149,2019-10-03,2605,175,0,Go,0.84
bannedbook/fanqiang,3872,2015-01-14,3,3,0,Kotlin,0.59
mitmproxy/mitmproxy,5665,2010-02-16,2632,76,0,Python,0.91
SimplifyJobs/Summer2026-Internships,1916,2020-05-23,1673,0,0,Unknown,1.0
dylanaraps/pure-bash-bible,2626,2018-06-13,28,0,0,Shell,0.43
tabler/tabler,2758,2018-02-01,722,51,0,HTML,0.92
chubin/cheat.sh,3028,2017-05-07,129,0,0,Python,0.52
LC044/WeChatMsg,953,2023-01-11,62,0,0,Unknown,0
deepspeedai/DeepSpeed,2037,2020-01-23,2747,98,0,Python,0.66
penpot/penpot,3523,2015-12-29,4515,59,0,Clojure,0.74
GitHubDaily/GitHubDaily,2426,2018-12-30,3,0,0,Unknown,0.31
microsoft/AI-For-Beginners,1632,2021-03-03,171,0,0,Jupyter Notebook,0.8
colinhacks/zod,1993,2020-03-07,840,179,0,TypeScript,0.93
bradtraversy/50projects50days,1739,2020-11-16,44,0,0,CSS,0
gradio-app/gradio,2437,2018-12-19,4750,1000,0,Python,0.93
chakra-ui/chakra-ui,2196,2019-08-17,2811,1000,0,TypeScript,1.0
helix-editor/helix,1907,2020-06-01,4247,30,0,Rust,0.84
lukasz-madon/awesome-remote-job,3884,2015-01-02,592,0,0,Unknown,0.95
slidevjs/slidev,1580,2021-04-24,711,394,0,TypeScript,0.88
virattt/ai-hedge-fund,265,2024-11-29,33,0,0,Python,0.91
google-research/bert,2492,2018-10-25,32,0,0,Python,0.31
wg/wrk,4902,2012-03-20,0,0,0,C,0.65
php/php-src,5180,2011-06-16,4257,23,0,C,0.81
QSCTech/zju-icicles,3341,2016-06-28,224,0,0,HTML,0.88
harry0703/MoneyPrinterTurbo,528,2024-03-11,136,9,0,Python,0.69
gedoor/legado,2283,2019-05-22,1134,115,0,Kotlin,0.99
evanw/esbuild,3355,2016-06-14,246,301,0,Go,0.86
sharkdp/fd,3026,2017-05-09,651,40,0,Rust,0.86
floodsung/Deep-Learning-Papers-Reading-Roadmap,3233,2016-10-14,28,0,0,Python,0.09
upscayl/upscayl,1118,2022-07-30,100,29,0,TypeScript,0.94
byoungd/English-level-up-tips,3005,2017-05-30,26,0,0,HTML,0.71
ChrisTitusTech/winutil,1211,2022-04-28,846,22,0,PowerShell,0.9
videojs/video.js,5578,2010-05-14,1801,332,0,JavaScript,0.89
lm-sys/FastChat,886,2023-03-19,849,14,0,Python,0.56
Dogfalo/materialize,3996,2014-09-12,449,41,0,JavaScript,0.88
pingcap/tidb,3637,2015-09-06,33094,210,0,Go,0.81
jgm/pandoc,5633,2010-03-20,1684,147,0,Haskell,0.88
vim/vim,3656,2015-08-18,440,0,0,Vim Script,0.83
go-gorm/gorm,4318,2013-10-25,753,5,0,Go,0.92
tmux/tmux,3732,2015-06-03,1,37,0,C,0.98
curl/curl,5635,2010-03-18,198,91,0,C,1.0
mem0ai/mem0,793,2023-06-20,1667,265,0,Python,0.67
ray-project/ray,3222,2016-10-25,27154,108,0,Python,0.87
remoteintech/remote-jobs,3600,2015-10-13,1283,0,0,JavaScript,0.88
zhayujie/chatgpt-on-wechat,1110,2022-08-07,261,63,0,Python,0.85
aria2/aria2,5381,2010-11-27,253,24,0,C++,0.44
google/styleguide,3746,2015-05-20,194,0,0,HTML,0.67
suno-ai/bark,867,2023-04-07,19,0,0,Jupyter Notebook,0.51
DIYgod/RSSHub,2698,2018-04-02,11056,0,0,TypeScript,0.94
saadeghi/daisyui,1727,2020-11-28,426,100,0,Svelte,0.98
QuivrHQ/quivr,832,2023-05-12,1819,354,0,Python,1.0
phaserjs/phaser,4514,2013-04-12,1729,171,0,JavaScript,0.98
trpc/trpc,1860,2020-07-18,3711,218,0,TypeScript,0.89
files-community/Files,2421,2019-01-04,5337,123,0,C#,0.95
makeplane/plane,1006,2022-11-19,5591,48,0,TypeScript,0.66
photoprism/photoprism,2763,2018-01-27,811,78,0,Go,0.82
logseq/logseq,1916,2020-05-23,3066,150,0,Clojure,0.85
PhilJay/MPAndroidChart,4136,2014-04-25,191,44,0,Java,0.58
freefq/free,1901,2020-06-07,0,0,0,Unknown,0.29
impress/impress.js,4985,2011-12-28,120,15,0,JavaScript,0.89
google/leveldb,4012,2014-08-27,64,21,0,C++,0.69
koalaman/shellcheck,4660,2012-11-17,306,30,0,Haskell,0.6
preactjs/preact,3632,2015-09-11,1918,231,0,JavaScript,0.97
appsmithorg/appsmith,1878,2020-06-30,13948,290,0,TypeScript,0.82
ccxt/ccxt,3021,2017-05-14,13368,173,0,Python,0.92
calcom/cal.com,1613,2021-03-22,10523,509,0,TypeScript,0.86
novuhq/novu,1456,2021-08-26,6012,50,0,TypeScript,0.86
goabstract/Awesome-Design-Tools,2382,2019-02-12,283,0,0,JavaScript,0.58
2noise/ChatTTS,451,2024-05-27,214,6,0,Python,0.89
gto76/python-cheatsheet,2765,2018-01-25,14,0,0,Python,0.92
karanpratapsingh/system-design,1102,2022-08-15,11,0,0,Unknown,0.95
FreeCodeCampChina/freecodecamp.cn,3247,2016-09-30,55,0,1,CSS,0.76
LAION-AI/Open-Assistant,982,2022-12-13,1614,127,0,Python,0.86
gofiber/fiber,2044,2020-01-16,1807,127,0,Go,0.95
ant-design/ant-design-pro,2918,2017-08-25,1008,26,0,TypeScript,0.98
cloudcommunity/Free-Certifications,1847,2020-07-31,114,0,0,Unknown,0.65
menloresearch/jan,735,2023-08-17,2674,87,0,TypeScript,0.95
eugenp/tutorials,4497,2013-04-29,13366,0,0,Java,0.98
DataExpert-io/data-engineer-handbook,641,2023-11-19,171,0,0,Jupyter Notebook,0.83
lapce/lapce,2753,2018-02-06,1171,32,0,Rust,0.6
istio/istio,3198,2016-11-18,28434,393,0,Go,0.98
payloadcms/payload,1689,2021-01-05,5819,522,0,TypeScript,0.9
naptha/tesseract.js,3711,2015-06-24,195,56,0,JavaScript,0.96
fastapi/full-stack-fastapi-template,2371,2019-02-23,411,10,0,TypeScript,0.6
TencentARC/GFPGAN,1616,2021-03-19,14,8,0,Python,0.27
dotnet/aspnetcore,4181,2014-03-11,17765,258,0,C#,0.91
dockur/windows,585,2024-01-14,411,104,0,Shell,0.88
0voice/interview_internal_reference,2264,2019-06-10,35,0,0,Python,0.39
Kong/insomnia,3407,2016-04-23,3352,525,0,TypeScript,0.82
freeCodeCamp/devdocs,4319,2013-10-24,926,0,0,Ruby,0.84
inkonchain/docs,471,2024-05-07,393,0,0,MDX,0.39
denysdovhan/wtfjs,2960,2017-07-14,125,25,0,JavaScript,0.81
inkonchain/node,465,2024-05-13,35,6,0,Shell,0.57
Aider-AI/aider,835,2023-05-09,263,93,0,Python,0.73
NervJS/taro,2692,2018-04-08,3392,200,0,TypeScript,0.88
inkonchain/ink-kit,290,2024-11-04,90,0,0,TypeScript,0.75
siyuan-note/siyuan,1817,2020-08-30,481,812,0,TypeScript,0.97
facebookresearch/faiss,3117,2017-02-07,137,20,0,C++,0.91
milvus-io/milvus,2166,2019-09-16,22784,129,0,Go,0.96
exacity/deeplearningbook-chinese,3179,2016-12-07,16,7,0,TeX,0.68
google/googletest,3677,2015-07-28,813,11,0,C++,0.85
huihut/interview,2750,2018-02-09,35,0,0,C++,0.98
vlang/v,2386,2019-02-08,12266,274,0,V,0.89
alibaba/arthas,2549,2018-08-29,540,59,0,Java,0.82
halo-dev/halo,2710,2018-03-21,2615,226,0,Java,0.93
AobingJava/JavaFamily,2109,2019-11-12,2,0,0,Unknown,0.92
satwikkansal/wtfpython,2915,2017-08-28,113,2,0,Python,0.71
babysor/MockingBird,1475,2021-08-07,80,1,0,Python,0.46
docling-project/docling,408,2024-07-09,515,116,0,Python,0.56
openai/gym,3403,2016-04-27,998,19,0,Python,0.94
httpie/cli,4926,2012-02-25,406,47,0,Python,0.8
ToolJet/ToolJet,1605,2021-03-30,6660,319,0,JavaScript,0.87
usebruno/bruno,1059,2022-09-27,1263,140,0,JavaScript,0.61
chatboxai/chatbox,899,2023-03-06,71,47,0,TypeScript,0.64
zbezj/HEU_KMS_Activator,2251,2019-06-23,0,48,0,Unknown,0.15
google-research/google-research,2513,2018-10-04,29,0,0,Jupyter Notebook,0.24
hiroi-sora/Umi-OCR,1242,2022-03-28,56,31,0,Python,0.65
rapid7/metasploit-framework,5105,2011-08-30,11346,0,0,Ruby,0.93
open-guides/og-aws,3326,2016-07-13,498,0,0,Shell,0.38
nushell/nushell,2295,2019-05-10,7902,111,0,Rust,0.78
opentofu/manifesto,739,2023-08-13,765,0,0,HTML,0.54
NanmiCoder/MediaCrawler,804,2023-06-09,101,0,0,Python,0.8
date-fns/date-fns,3972,2014-10-06,1068,122,0,TypeScript,0.68
shadowsocks/shadowsocks-android,4631,2012-12-16,256,185,0,Kotlin,0.98
lerna/lerna,3548,2015-12-04,997,244,0,TypeScript,0.85
docker/compose,4273,2013-12-09,3541,263,0,Go,0.99
crewAIInc/crewAI,664,2023-10-27,936,99,0,Python,0.97
chatchat-space/Langchain-Chatchat,874,2023-03-31,615,31,0,TypeScript,0.97
XingangPan/DragGAN,826,2023-05-18,18,0,0,Python,0.24
SheetJS/sheetjs,4644,2012-12-03,106,0,0,Unknown,0.95
formulahendry/955.WLB,2339,2019-03-27,18,0,0,Unknown,0.31
openai/codex,130,2025-04-13,915,84,0,Rust,0.69
imputnet/cobalt,1140,2022-07-08,243,0,0,Svelte,0.83
geekxh/hello-algorithm,1910,2020-05-29,26,0,0,Java,0.75
typeorm/typeorm,3461,2016-02-29,2176,38,0,TypeScript,0.72
carbon-app/carbon,2988,2017-06-16,668,215,0,JavaScript,0.91
koajs/koa,4415,2013-07-20,522,9,0,JavaScript,0.98
hankcs/HanLP,3969,2014-10-09,79,62,0,Python,0.99
HeyPuter/puter,536,2024-03-03,590,8,0,JavaScript,0.75
alvarotrigo/fullPage.js,4353,2013-09-20,320,105,0,JavaScript,0.97
airbnb/lottie-android,3241,2016-10-06,713,59,0,Java,0.98
kilimchoi/engineering-blogs,3722,2015-06-13,681,0,0,Ruby,0.76
PKUanonym/REKCARC-TSC-UHT,2330,2019-04-05,171,0,0,HTML,0.94
markedjs/marked,5142,2011-07-24,1554,156,0,TypeScript,0.99
zen-browser/desktop,511,2024-03-28,479,115,0,C++,0.94
mindsdb/mindsdb,2576,2018-08-02,5368,311,0,Python,0.99
jondot/awesome-react-native,3801,2015-03-26,912,0,0,JavaScript,0.48
nativefier/nativefier,3700,2015-07-05,261,99,0,TypeScript,0.79
spacedriveapp/spacedrive,1424,2021-09-27,1881,26,0,TypeScript,0.77
junegunn/vim-plug,4363,2013-09-10,177,8,0,Vim Script,0.93
sqlmapproject/sqlmap,4804,2012-06-26,173,10,0,Python,0.99
huggingface/pytorch-image-models,2392,2019-02-02,479,69,0,Python,0.95
twentyhq/twenty,994,2022-12-01,7204,46,0,TypeScript,0.96
sahat/hackathon-starter,4299,2013-11-13,347,17,0,JavaScript,0.99
unknwon/the-way-to-go_ZH_CN,4533,2013-03-24,592,0,0,Go,0
alebcay/awesome-shell,4063,2014-07-07,307,0,0,Unknown,0.37
pola-rs/polars,1926,2020-05-13,11478,226,0,Rust,0.77
bumptech/glide,4427,2013-07-08,571,47,0,Java,0.87
TeamNewPipe/NewPipe,3640,2015-09-03,1661,137,0,Java,0.87
fengdu78/Coursera-ML-AndrewNg-Notes,2847,2017-11-04,13,0,0,HTML,0.22
doocs/leetcode,2531,2018-09-16,4093,21,0,Java,1.0
reworkd/AgentGPT,867,2023-04-07,539,12,0,TypeScript,0.72
mudler/LocalAI,887,2023-03-18,3918,83,0,Go,0.65
microsoft/ai-agents-for-beginners,266,2024-11-28,149,0,0,Jupyter Notebook,0.87
yeongpin/cursor-free-vip,222,2025-01-11,74,69,0,Python,0.46
outline/outline,3378,2016-05-22,3339,147,0,TypeScript,0.97
charmbracelet/bubbletea,2050,2020-01-10,628,62,0,Go,0.8
ghostty-org/ghostty,1241,2022-03-29,2608,1,0,Zig,0.92
sorrycc/awesome-javascript,4069,2014-07-01,393,0,0,Unknown,0.95
BVLC/caffe,4361,2013-09-12,1087,14,0,C++,0.81
chenfei-wu/TaskMatrix,903,2023-03-02,21,0,0,Python,0.38
fastify/fastify,3249,2016-09-28,3135,298,0,JavaScript,0.96
nodejs/node-v0.x-archive,5930,2009-05-27,218,0,0,Unknown,1.0
netty/netty,5399,2010-11-09,4432,0,0,Java,0.91
fxsjy/jieba,4709,2012-09-29,96,9,0,Python,0.26
roboflow/supervision,997,2022-11-28,967,33,0,Python,0.85
jaredpalmer/formik,2990,2017-06-14,829,196,0,TypeScript,0.69
xitu/gold-miner,3578,2015-11-04,3563,0,0,Unknown,1.0
karpathy/LLM101n,451,2024-05-27,0,0,0,Unknown,0
huiyadanli/RevokeMsgPatcher,2223,2019-07-21,11,21,0,C#,0.94
geekan/HowToLiveLonger,1223,2022-04-16,14,0,0,Unknown,0.75
zenorocha/clipboard.js,3625,2015-09-18,117,42,0,JavaScript,0.98
ManimCommunity/manim,1920,2020-05-19,1926,29,0,Python,0.78
portainer/portainer,3381,2016-05-19,4777,162,0,TypeScript,0.9
myshell-ai/OpenVoice,631,2023-11-29,17,0,0,Python,0.21
solidjs/solid,2676,2018-04-24,385,35,0,TypeScript,0.91
llvm/llvm-project,3179,2016-12-07,55656,136,0,LLVM,0.7
testerSunshine/12306,3018,2017-05-17,31,1,0,Python,0.67
jaywcjlove/linux-command,3204,2016-11-12,356,31,0,Markdown,0.64
atlassian/react-beautiful-dnd,2934,2017-08-09,530,68,0,JavaScript,0.65
typicode/husky,4077,2014-06-23,262,80,0,JavaScript,0.93
laravel/framework,4606,2013-01-10,16632,855,0,PHP,1.0
python-poetry/poetry,2731,2018-02-28,2331,142,0,Python,0.92
xkcoding/spring-boot-demo,2841,2017-11-10,15,0,0,Java,0.42
anoma/anoma,1661,2021-02-02,856,10,0,Elixir,0.83
geekcomputers/Python,5013,2011-11-30,1846,0,0,Python,0.31
zsh-users/zsh-autosuggestions,4317,2013-10-26,116,0,0,Shell,0.75
shadowsocks/shadowsocks,4871,2012-04-20,70,2,0,Python,0
halfrost/LeetCode-Go,2956,2017-07-18,178,4,0,Go,0.8
Blankj/AndroidUtilCode,3309,2016-07-30,88,117,0,Java,0.81
alibaba/easyexcel,2753,2018-02-06,190,14,0,Java,0.87
AFNetworking/AFNetworking,5196,2011-05-31,710,40,0,Objective-C,0
zxing/zxing,5062,2011-10-12,318,31,0,Java,0.99
TheAlgorithms/JavaScript,2961,2017-07-13,795,0,0,JavaScript,0.96
deepseek-ai/awesome-deepseek-integration,588,2024-01-11,230,0,0,Unknown,0.31
mattermost/mattermost,3720,2015-06-15,19259,845,0,TypeScript,0.93
aseprite/aseprite,4020,2014-08-19,406,117,0,C++,0.58
ShareX/ShareX,4335,2013-10-08,751,83,0,C#,0.93
veggiemonk/awesome-docker,3987,2014-09-21,939,1,0,Unknown,0.98
ryanhanwu/How-To-Ask-Questions-The-Smart-Way,3799,2015-03-28,98,0,0,JavaScript,0.69
Pythagora-io/gpt-pilot,736,2023-08-16,393,0,0,Python,0.57
ehang-io/nps,2482,2018-11-04,74,59,0,Go,0.58
XX-net/XX-Net,3871,2015-01-15,363,388,0,Python,0.41
exelban/stats,2276,2019-05-29,409,301,0,Swift,0.99
jax-ml/jax,2492,2018-10-25,15091,126,0,Python,0.75
carbon-language/carbon-lang,1942,2020-04-27,4355,410,0,C++,0.79
adobe/brackets,5006,2011-12-07,4332,69,2,JavaScript,0.73
danielmiessler/Fabric,596,2024-01-03,435,248,0,JavaScript,0.86
harness/harness,4213,2014-02-07,1047,53,0,Go,0.96
gulpjs/gulp,4431,2013-07-04,411,24,0,JavaScript,0.99
immutable-js/immutable-js,4068,2014-07-02,598,89,0,TypeScript,0.93
mifi/lossless-cut,3217,2016-10-30,202,100,0,TypeScript,0.87
SeleniumHQ/selenium,4602,2013-01-14,3014,108,0,Java,0.99
bilibili/ijkplayer,4462,2013-06-03,35,0,0,C,0.47
hashicorp/vault,3830,2015-02-25,21302,168,0,Go,0.82
qishibo/AnotherRedisDesktopManager,2417,2019-01-08,152,53,0,JavaScript,0.87
CMU-Perceptual-Computing-Lab/openpose,3041,2017-04-24,174,15,0,C++,0.83
lllyasviel/ControlNet,932,2023-02-01,4,0,0,Python,0.24
YunaiV/ruoyi-vue-pro,1670,2021-01-24,62,44,0,Java,1.0
shadowsocks/ShadowsocksX-NG,3359,2016-06-10,64,30,0,Swift,0.77
PatrickJS/awesome-cursorrules,339,2024-09-16,64,0,0,MDX,0.2
bayandin/awesome-awesomeness,4062,2014-07-08,197,0,0,Ruby,0.76
lib-pku/libpku,2464,2018-11-22,22,0,0,TeX,0.74
TheAlgorithms/C-Plus-Plus,3323,2016-07-16,685,0,0,C++,0.97
AmruthPillai/Reactive-Resume,1975,2020-03-25,633,95,0,TypeScript,0.8
swc-project/swc,2799,2017-12-22,5595,714,0,Rust,0.9
facebookresearch/detectron2,2177,2019-09-05,0,10,0,Python,0.87
qbittorrent/qBittorrent,4947,2012-02-04,3928,0,0,C++,0.86
alan2207/bulletproof-react,1544,2021-05-30,70,0,0,TypeScript,0.67
DataTalksClub/data-engineering-zoomcamp,1400,2021-10-21,395,0,0,Jupyter Notebook,0.99
jqlang/jq,4782,2012-07-18,640,15,0,C,0.84
pnpm/pnpm,3493,2016-01-28,2675,1000,0,TypeScript,0.62
certbot/certbot,3935,2014-11-12,4004,62,0,Python,0.98
pbatard/rufus,5024,2011-11-19,1,84,0,C,1.0
drawdb-io/drawdb,767,2023-07-16,232,0,0,JavaScript,0.65
ibraheemdev/modern-unix,1682,2021-01-12,15,0,0,Unknown,0.36
refinedev/refine,1674,2021-01-20,4425,1000,0,TypeScript,0.98
pcottle/learnGitBranching,4756,2012-08-13,606,0,0,JavaScript,0.91
google/material-design-lite,3872,2015-01-14,655,14,1,HTML,0.83
gchq/CyberChef,3188,2016-11-28,510,447,0,JavaScript,0.59
SerenityOS/serenity,2454,2018-12-02,19525,0,0,C++,0.83
explosion/spaCy,4067,2014-07-03,3590,129,0,Python,0.97
beego/beego,4922,2012-02-29,1325,42,1,Go,1.0
xinntao/Real-ESRGAN,1494,2021-07-19,21,10,0,Python,0.24
CorentinTh/it-tools,1964,2020-04-05,491,10,0,Vue,0.32
duckdb/duckdb,2613,2018-06-26,8206,51,0,C++,0.93
lizongying/my-tv,626,2023-12-04,11,72,0,C,0.84
directus/directus,4635,2012-12-12,8086,342,0,TypeScript,0.97
ueberdosis/tiptap,2558,2018-08-20,1250,897,0,TypeScript,0.78
mckaywrigley/chatbot-ui,894,2023-03-11,280,0,0,TypeScript,0.82
agno-agi/agno,1205,2022-05-04,1745,86,0,Python,0.9
The-Run-Philosophy-Organization/run,1229,2022-04-10,171,0,0,Unknown,0.84
TabbyML/tabby,889,2023-03-16,2969,241,0,Rust,0.78
balena-io/etcher,3586,2015-10-27,1731,289,0,TypeScript,0.77
alibaba/nacos,2624,2018-06-15,3156,84,0,Java,0.97
Chanzhaoyu/chatgpt-web,924,2023-02-09,159,43,0,Vue,1.0
pathwaycom/pathway,998,2022-11-27,5,75,0,Python,0.55
CherryHQ/cherry-studio,454,2024-05-24,1929,191,0,TypeScript,0.92
yewstack/yew,2805,2017-12-16,1802,35,0,Rust,0.91
vercel/swr,2124,2019-10-28,795,123,0,TypeScript,0.85
ziadoz/awesome-php,4286,2013-11-26,453,0,0,Unknown,0.99
chatanywhere/GPT_API_free,851,2023-04-23,1,0,0,Python,0.94
v2fly/v2ray-core,2320,2019-04-15,909,111,0,Go,0.96
Trinea/android-open-project,4246,2014-01-05,204,0,0,Unknown,0.87
binarywang/WxJava,3515,2016-01-06,1053,30,0,Java,0.97
shardeum/shardeum,492,2024-04-16,325,0,0,TypeScript,0.87
mpv-player/mpv,4695,2012-10-13,3500,87,0,C,0.91
vnpy/vnpy,3825,2015-03-02,1055,64,0,Python,0.99
facebookresearch/fairseq,2914,2017-08-29,234,16,0,Python,0.72
hasura/graphql-engine,2621,2018-06-18,2110,294,0,TypeScript,0.65
zeromicro/go-zero,1840,2020-08-07,2321,140,0,Go,0.88
yunjey/pytorch-tutorial,3086,2017-03-10,28,0,0,Python,0.63
mouredev/Hello-Python,1114,2022-08-03,0,0,0,Python,0.94
open-mmlab/mmdetection,2556,2018-08-22,2359,53,0,Python,0.79
RVC-Project/Retrieval-based-Voice-Conversion-WebUI,878,2023-03-27,475,7,0,Python,0.68
floating-ui/floating-ui,3432,2016-03-29,1190,497,0,TypeScript,0.98
qier222/YesPlayMusic,1777,2020-10-09,288,31,0,Vue,0.66
remix-run/remix,1760,2020-10-26,3441,175,0,TypeScript,1.0
RSSNext/Folo,500,2024-04-08,1254,70,0,TypeScript,0.91
niklasvh/html2canvas,5150,2011-07-16,186,45,0,TypeScript,0.63
kuchin/awesome-cto,3170,2016-12-16,18,0,0,Unknown,1.0
amix/vimrc,4832,2012-05-29,107,0,0,Vim Script,0.98
labstack/echo,3826,2015-03-01,592,109,0,Go,0.95
ReactiveX/rxjs,3812,2015-03-15,2588,2,0,TypeScript,0.93
airbnb/lottie-web,3835,2015-02-20,136,0,0,JavaScript,0.73
microsoft/MS-DOS,2614,2018-06-25,37,0,0,Assembly,0
IceWhaleTech/CasaOS,1425,2021-09-26,274,97,0,Go,0.57
servo/servo,4943,2012-02-08,20505,0,0,HTML,0.79
lutzroeder/netron,5352,2010-12-26,1,2,0,JavaScript,0.98
cockroachdb/cockroach,4214,2014-02-06,67678,0,0,Go,0.92
xyflow/xyflow,2229,2019-07-15,1402,350,0,TypeScript,0.96
backstage/backstage,2036,2020-01-24,18961,443,0,TypeScript,0.95
cursor/cursor,893,2023-03-12,46,0,0,Unknown,0.37
mli/paper-reading,1399,2021-10-22,15,0,0,Unknown,0
OpenCut-app/OpenCut,60,2025-06-22,179,0,0,TypeScript,0.38
google-ai-edge/mediapipe,2261,2019-06-13,201,63,0,C++,0.92
ianstormtaylor/slate,3351,2016-06-18,1938,203,0,TypeScript,0.79
mqyqingfeng/Blog,3083,2017-03-13,3,0,1,Unknown,0.28
dokku/dokku,4457,2013-06-08,4157,300,0,Shell,0.98
lovell/sharp,4385,2013-08-19,302,99,0,JavaScript,0.97
0xAX/linux-insides,3883,2015-01-03,579,0,0,Python,0.81
mathiasbynens/dotfiles,5099,2011-09-05,44,0,0,Shell,0.65
coolsnowwolf/lede,2906,2017-09-06,2020,6,0,C,0.92
MonitorControl/MonitorControl,2896,2017-09-16,216,26,0,Swift,0.98
ocrmypdf/OCRmyPDF,4262,2013-12-20,153,41,0,Python,0.9
blueimp/jQuery-File-Upload,5377,2010-12-01,119,0,0,PHP,0.99
filebrowser/filebrowser,3632,2015-09-11,607,97,0,Go,0.99
schollz/croc,2865,2017-10-17,236,175,0,Go,0.98
1Panel-dev/1Panel,1129,2022-07-19,3812,96,0,Go,0.88
anthropics/claude-code,180,2025-02-22,59,0,0,TypeScript,0.55
kubernetes/minikube,3415,2016-04-15,8789,151,0,Go,0.95
vadimdemedes/ink,2992,2017-06-12,235,63,0,TypeScript,0.81
derailed/k9s,2400,2019-01-25,838,248,0,Go,0.81
paperless-ngx/paperless-ngx,1286,2022-02-12,2564,122,0,Python,1.0
khoj-ai/khoj,1466,2021-08-16,475,158,0,Python,0.86
XTLS/Xray-core,1746,2020-11-09,1015,90,0,Go,1.0
alibaba/p3c,2981,2017-06-23,62,0,0,Kotlin,0.81
apache/kafka,5120,2011-08-15,11805,0,0,Java,0
codex-team/editor.js,3554,2015-11-28,863,102,0,TypeScript,0.61
fish-shell/fish-shell,4851,2012-05-10,2146,48,0,Rust,0.94
donnemartin/interactive-coding-challenges,3768,2015-04-28,176,0,0,Python,0.46
SortableJS/Sortable,4263,2013-12-19,248,30,0,JavaScript,0.74
awesome-foss/awesome-sysadmin,3894,2014-12-23,329,0,0,Unknown,0.86
juanfont/headscale,1887,2020-06-21,1053,124,0,Go,0.91
Textualize/textual,1596,2021-04-08,2177,185,0,Python,0.92
google/comprehensive-rust,974,2022-12-21,2173,0,0,Rust,0.68
ityouknow/spring-boot-examples,3211,2016-11-05,7,0,0,Java,0.91
k3s-io/k3s,2639,2018-05-31,4068,885,0,Go,0.98
microsoft/calculator,2397,2019-01-28,899,0,0,C++,0.64
nextcloud/server,3367,2016-06-02,28163,349,0,PHP,0.89
utmapp/UTM,2323,2019-04-12,266,122,0,Swift,0.74
influxdata/influxdb,4347,2013-09-26,10606,93,0,Rust,0.85
symfony/symfony,5708,2010-01-04,24288,555,0,PHP,0.97
parallax/jsPDF,5737,2009-12-06,718,35,0,JavaScript,0.96
huggingface/diffusers,1179,2022-05-30,4997,86,0,Python,0.89
microsoft/Data-Science-For-Beginners,1632,2021-03-03,308,0,0,Jupyter Notebook,0.8
openai/CLIP,1709,2020-12-16,28,0,0,Jupyter Notebook,0.44
ascoders/weekly,3076,2017-03-20,136,193,0,JavaScript,0.99
gkd-kit/gkd,779,2023-07-04,6,53,0,Kotlin,0.98
webtorrent/webtorrent,4328,2013-10-15,963,228,0,JavaScript,0.96
TriliumNext/Trilium,3012,2017-05-23,622,334,0,TypeScript,0.76
facebook/rocksdb,4647,2012-11-30,609,206,0,C++,0.77
fabricjs/fabric.js,5552,2010-06-09,2343,174,0,TypeScript,0.93
medusajs/medusa,2042,2020-01-18,7464,128,0,TypeScript,0.97
layui/layui,3621,2015-09-22,590,158,0,JavaScript,0.95
Binaryify/NeteaseCloudMusicApi,3347,2016-06-22,292,0,0,Unknown,0.89
iawia002/lux,2735,2018-02-24,300,86,0,Go,0.51
exo-explore/exo,423,2024-06-24,207,12,0,Python,0.29
umami-software/umami,1861,2020-07-17,799,99,0,TypeScript,0.96
tqdm/tqdm,3732,2015-06-03,287,131,0,Python,0.57
docsifyjs/docsify,3196,2016-11-20,731,15,0,JavaScript,0.93
linexjlin/GPTs,649,2023-11-11,42,0,0,Unknown,0.75
alpinejs/alpine,2093,2019-11-28,657,137,0,HTML,1.0
joshbuchea/HEAD,3410,2016-04-20,86,0,0,Unknown,0.78
numpy/numpy,5456,2010-09-13,13093,132,0,Python,0.84
AMAI-GmbH/AI-Expert-Roadmap,1762,2020-10-24,13,0,0,JavaScript,0.7
s0md3v/roop,816,2023-05-28,80,6,0,Python,0
DioxusLabs/dioxus,1679,2021-01-15,1768,25,0,Rust,0.79
sequelize/sequelize,5509,2010-07-22,4961,487,0,TypeScript,0.91
tatsu-lab/stanford_alpaca,895,2023-03-10,5,0,0,Python,0.37
OWASP/CheatSheetSeries,2435,2018-12-21,1076,0,0,Python,0.92
OAI/OpenAPI-Specification,4189,2014-03-03,1584,12,0,Markdown,0.94
GyulyVGC/sniffnet,1117,2022-07-31,430,14,0,Rust,0.85
transloadit/uppy,3566,2015-11-16,3106,202,0,TypeScript,0.94
chinabugotech/hutool,4148,2014-04-13,454,152,0,Java,1.0
Lightning-AI/pytorch-lightning,2335,2019-03-31,9085,167,0,Python,0.88
pathwaycom/llm-app,764,2023-07-19,47,0,0,Jupyter Notebook,0.71
tinygrad/tinygrad,1768,2020-10-18,7941,13,0,Python,0.86
VincentGarreau/particles.js,4002,2014-09-06,21,6,0,JavaScript,0.26
surrealdb/surrealdb,1351,2021-12-09,2145,92,0,Rust,0.68
drizzle-team/drizzle-orm,1519,2021-06-24,610,146,0,TypeScript,0.54
square/leakcanary,3767,2015-04-29,921,43,0,Kotlin,0.92
foundation/foundation-sites,5061,2011-10-13,2958,79,0,HTML,0.99
AdguardTeam/AdGuardHome,3333,2016-07-06,124,214,0,Go,0.8
DevToys-app/DevToys,1422,2021-09-29,497,38,0,C#,0.71
restic/restic,4134,2014-04-27,2184,48,0,Go,0.85
herrbischoff/awesome-macos-command-line,3621,2015-09-22,104,0,0,Unknown,0
jobbole/awesome-python-cn,3579,2015-11-03,51,0,0,Makefile,0.58
vuejs/vue-cli,3526,2015-12-26,1259,178,0,JavaScript,0.83
cheeriojs/cheerio,5065,2011-10-09,2840,61,0,TypeScript,0.98
facebook/folly,4829,2012-06-01,13,254,0,C++,0.76
nothings/stb,4106,2014-05-25,288,0,0,C,0.78
wailsapp/wails,2441,2018-12-15,1503,242,0,Go,0.88
trailofbits/algo,3385,2016-05-15,575,2,0,Python,0.95
hyprwm/Hyprland,1254,2022-03-16,1879,96,0,C++,0.99
JushBJJ/Mr.-Ranedeer-AI-Tutor,874,2023-03-31,18,3,0,Unknown,0.72
microsoft/WSL,3424,2016-04-06,137,94,0,C++,0.91
vbenjs/vue-vben-admin,1867,2020-07-11,1638,60,0,Vue,0.96
apolloconfig/apollo,3457,2016-03-04,1449,41,0,Java,0.96
nicolargo/glances,5009,2011-12-04,743,51,0,Python,0.94
motiondivision/motion,2470,2018-11-16,1061,0,0,TypeScript,0.85
elsewhencode/project-guidelines,2974,2017-06-30,113,0,0,JavaScript,0.76
react-boilerplate/react-boilerplate,3837,2015-02-18,715,16,0,JavaScript,0.95
aosabook/500lines,4308,2013-11-04,175,0,0,JavaScript,0.59
ariya/phantomjs,5351,2010-12-27,562,0,2,C++,1.0
mantinedev/mantine,1687,2021-01-07,1491,271,0,TypeScript,0.99
pmndrs/react-three-fiber,2369,2019-02-25,651,125,0,TypeScript,0.93
encode/django-rest-framework,5286,2011-03-02,3021,21,0,Python,0.99
heyverse/hey,1251,2022-03-19,3765,0,0,TypeScript,0
IanLunn/Hover,4249,2014-01-02,23,10,0,SCSS,0.78
tokio-rs/tokio,3268,2016-09-09,3596,138,0,Rust,0.87
AllThingsSmitty/css-protips,3645,2015-08-29,73,0,0,Unknown,0.98
standard/standard,3859,2015-01-27,411,7,0,JavaScript,0.91
alibaba/canal,4603,2013-01-13,473,32,0,Java,0.75
danny-avila/LibreChat,921,2023-02-12,2137,58,0,TypeScript,0.95
GoogleChrome/lighthouse,3453,2016-03-08,5467,125,0,JavaScript,0.95
hashicorp/consul,4308,2013-11-04,13733,217,0,Go,0.77
ageron/handson-ml2,2417,2019-01-08,64,0,0,Jupyter Notebook,0.58
xuxueli/xxl-job,3554,2015-11-28,113,38,0,Java,0.93
lukehoban/es6features,4189,2014-03-03,41,0,0,Unknown,0.63
realpython/python-guide,5273,2011-03-15,683,0,0,Batchfile,0.65
iperov/DeepFaceLive,1710,2020-12-15,13,35,0,Python,0.99
keycloak/keycloak,4433,2013-07-02,17532,87,0,Java,0.87
GorvGoyl/Clone-Wars,1723,2020-12-02,130,0,0,Unknown,0.85
firecracker-microvm/firecracker,2863,2017-10-19,3186,78,0,Rust,0.97
spf13/viper,4159,2014-04-02,507,34,0,Go,0.54
XIU2/TrackersListCollection,2149,2019-10-03,7,0,0,Unknown,0
kodecocodes/swift-algorithm-club,3495,2016-01-26,610,0,0,Swift,0.85
google-research/tuning_playbook,946,2023-01-18,14,0,0,Unknown,0.76
sampotts/plyr,3841,2015-02-14,384,88,0,JavaScript,0.58
composer/composer,5188,2011-06-08,2958,215,0,PHP,0.99
CSSEGISandData/COVID-19,2025,2020-02-04,2152,0,0,Unknown,0.55
ajeetdsouza/zoxide,1995,2020-03-05,226,36,0,Rust,0.85
refined-github/refined-github,3475,2016-02-15,3427,173,0,TypeScript,0.97
wuyouzhuguli/SpringAll,2668,2018-05-02,1,0,0,Java,0.56
meta-llama/llama3,524,2024-03-15,23,0,0,Python,0.41
postcss/postcss,4349,2013-09-24,760,268,0,TypeScript,0.97
pmndrs/react-spring,2724,2018-03-07,437,52,0,TypeScript,0.91
Pierian-Data/Complete-Python-3-Bootcamp,2747,2018-02-12,12,0,0,Jupyter Notebook,0.61
tastejs/todomvc,5193,2011-06-03,760,6,0,JavaScript,0.84
dragonflydb/dragonfly,1349,2021-12-11,3315,108,0,C++,0.85
StevenBlack/hosts,4879,2012-04-12,486,780,0,Python,0.95
alibaba/spring-cloud-alibaba,2820,2017-12-01,1077,48,0,Java,0.92
wesbos/JavaScript30,3179,2016-12-07,153,0,0,HTML,0
cfenollosa/os-tutorial,3979,2014-09-29,11,0,0,C,0.58
Ebazhanov/linkedin-skill-assessments-quizzes,2231,2019-07-13,5638,1,0,Unknown,0.91
kovidgoyal/kitty,3231,2016-10-16,1131,128,0,Python,1.0
statelyai/xstate,3629,2015-09-14,1976,442,0,TypeScript,0.92
kenwheeler/slick,4168,2014-03-24,258,48,0,JavaScript,0.67
microsoft/qlib,1833,2020-08-14,725,23,0,Python,0.74
feder-cr/Jobs_Applier_AI_Agent_AIHawk,382,2024-08-04,185,0,0,Python,0.98
ZuzooVn/machine-learning-for-software-engineers,3238,2016-10-09,60,0,0,Unknown,0.35
grafana/k6,3440,2016-03-21,2161,77,0,Go,0.7
immerjs/immer,2792,2017-12-29,374,109,0,JavaScript,0.95
PostHog/posthog,2037,2020-01-23,25088,19,0,Python,0.72
AvaloniaUI/Avalonia,4277,2013-12-05,5317,110,0,C#,0.78
valinet/ExplorerPatcher,1473,2021-08-09,18,288,0,C,0.89
continuedev/continue,820,2023-05-24,2832,392,0,TypeScript,0.8
donnemartin/data-science-ipython-notebooks,3863,2015-01-23,31,0,0,Python,0.54
vercel/turborepo,1416,2021-10-05,6225,496,0,Rust,0.93
shengxinjing/programmer-job-blacklist,3344,2016-06-25,28,0,0,Shell,0.54
sunface/rust-course,2571,2018-08-07,783,0,0,Rust,0.71
vuejs/vuex,3689,2015-07-16,656,51,0,JavaScript,0.92
jumpserver/jumpserver,4066,2014-07-04,7545,250,0,Python,1.0
openai/openai-python,1761,2020-10-25,995,320,0,Python,0.92
containers/podman,2850,2017-11-01,11712,228,0,Go,0.92
codepath/android_guides,4446,2013-06-19,9,0,0,Unknown,0.57
helm/helm,3607,2015-10-06,4109,216,0,Go,0.94
openssl/openssl,4601,2013-01-15,145,283,0,C,0.87
jamiebuilds/the-super-tiny-compiler,3450,2016-03-11,20,0,0,JavaScript,0
telegramdesktop/tdesktop,4129,2014-05-02,1745,798,0,C++,0.94
viraptor/reverse-interview,2174,2019-09-08,75,0,0,Unknown,0.72
VSCodium/vscodium,2565,2018-08-13,549,240,0,Shell,0.92
MichaelCade/90DaysOfDevOps,1334,2021-12-26,358,2,0,Shell,0.9
LizardByte/Sunshine,1345,2021-12-15,1470,43,0,C++,0.93
eugeneyan/applied-ml,1874,2020-07-04,208,0,0,Unknown,0.92
caolan/async,5560,2010-06-01,558,7,1,JavaScript,0.99
GitbookIO/gitbook,4161,2014-03-31,1297,75,0,TypeScript,0.99
linera-io/linera-protocol,1341,2021-12-19,2683,18,0,Rust,0.62
alibaba/druid,5040,2011-11-03,1517,51,0,Java,0.5
digitalocean/nginxconfig.io,2785,2018-01-05,191,0,0,JavaScript,0.77
NginxProxyManager/nginx-proxy-manager,2801,2017-12-20,526,77,0,JavaScript,0.69
jashkenas/backbone,5439,2010-09-30,881,0,1,JavaScript,0.98
datalab-to/marker,661,2023-10-30,199,63,0,Python,0.52
dnSpy/dnSpy,3704,2015-07-01,53,1,0,C#,0
swagger-api/swagger-ui,5151,2011-07-15,3308,376,0,JavaScript,0.79
python-telegram-bot/python-telegram-bot,3698,2015-07-07,1636,127,0,Python,0.99
zhiwehu/Python-programming-exercises,4816,2012-06-14,0,0,0,Unknown,0.2
acheong08/ChatGPT,992,2022-12-03,292,277,0,Python,0.99
mobxjs/mobx,3813,2015-03-14,1152,113,1,TypeScript,0.97
JedWatson/react-select,4013,2014-08-26,1054,61,0,TypeScript,0.9
nagadomi/waifu2x,3749,2015-05-17,68,3,0,Lua,0.59
aquasecurity/trivy,2324,2019-04-11,3180,171,0,Go,0.95
ChartsOrg/Charts,3807,2015-03-20,427,38,0,Swift,0.79
lenve/vhr,2786,2018-01-04,1,0,0,Java,0.38
frappe/erpnext,5188,2011-06-08,26444,1000,0,Python,0.86
google/python-fire,3103,2017-02-21,135,12,0,Python,0.62
tailwindlabs/headlessui,1800,2020-09-16,619,127,0,TypeScript,0.92
qianguyihao/Web,3152,2017-01-03,0,0,0,Unknown,0.69
raysan5/raylib,4319,2013-10-24,2162,24,0,C,0.99
geekcompany/ResumeSample,4000,2014-09-08,2,0,0,Unknown,0
t3-oss/create-t3-app,1185,2022-05-24,1114,138,0,TypeScript,0.91
nginx/nginx,3712,2015-06-23,95,8,0,C,0.49
michalsnik/aos,3696,2015-07-09,38,0,0,JavaScript,0.51
CamDavidsonPilon/Probabilistic-Programming-and-Bayesian-Methods-for-Hackers,4602,2013-01-14,243,0,0,Jupyter Notebook,0.36
BerriAI/litellm,757,2023-07-27,5313,987,0,Python,0.87
kingToolbox/WindTerm,2143,2019-10-09,1,32,0,C,0.21
getredash/redash,4315,2013-10-28,3255,100,0,Python,0.76
sxyazi/yazi,775,2023-07-08,953,27,0,Rust,0.97
YMFE/yapi,3370,2016-05-30,141,1,0,JavaScript,0.38
JaidedAI/EasyOCR,1986,2020-03-14,177,23,0,Python,0.57
flameshot-org/flameshot,3025,2017-05-10,964,30,0,C++,0.76
tj/commander.js,5121,2011-08-14,827,83,0,JavaScript,0.99
svc-develop-team/so-vits-svc,895,2023-03-10,153,0,0,Python,0.84
imDazui/Tvlist-awesome-m3u-m3u8,3106,2017-02-18,1,0,0,Unknown,0.67
